
{
  "header": {
    "reportVersion": 1,
    "event": "Allocation failed - JavaScript heap out of memory",
    "trigger": "FatalError",
    "filename": "report.20211111.134932.5516.0.001.json",
    "dumpEventTime": "2021-11-11T13:49:32Z",
    "dumpEventTimeStamp": "1636618772153",
    "processId": 5516,
    "cwd": "D:\\Installed Software\\Eclipse Workspace\\front-class\\front-class",
    "commandLine": [
      "node",
      "C:\\Users\\krish\\AppData\\Roaming\\npm\\\\node_modules\\@angular\\cli\\bin\\ng",
      "serve"
    ],
    "nodejsVersion": "v12.14.1",
    "wordSize": 32,
    "arch": "ia32",
    "platform": "win32",
    "componentVersions": {
      "node": "12.14.1",
      "v8": "7.7.299.13-node.16",
      "uv": "1.33.1",
      "zlib": "1.2.11",
      "brotli": "1.0.7",
      "ares": "1.15.0",
      "modules": "72",
      "nghttp2": "1.40.0",
      "napi": "5",
      "llhttp": "2.0.1",
      "http_parser": "2.8.0",
      "openssl": "1.1.1d",
      "cldr": "35.1",
      "icu": "64.2",
      "tz": "2019c",
      "unicode": "12.1"
    },
    "release": {
      "name": "node",
      "lts": "Erbium",
      "headersUrl": "https://nodejs.org/download/release/v12.14.1/node-v12.14.1-headers.tar.gz",
      "sourceUrl": "https://nodejs.org/download/release/v12.14.1/node-v12.14.1.tar.gz",
      "libUrl": "https://nodejs.org/download/release/v12.14.1/win-x86/node.lib"
    },
    "osName": "Windows_NT",
    "osRelease": "10.0.19042",
    "osVersion": "Windows 10 Home",
    "osMachine": "i686",
    "cpus": [
      {
        "model": "Intel(R) Core(TM) i5-10300H CPU @ 2.50GHz",
        "speed": 2496,
        "user": 2937265,
        "nice": 0,
        "sys": 2075640,
        "idle": 45433968,
        "irq": 837468
      },
      {
        "model": "Intel(R) Core(TM) i5-10300H CPU @ 2.50GHz",
        "speed": 2496,
        "user": 2263406,
        "nice": 0,
        "sys": 956843,
        "idle": 47226421,
        "irq": 243437
      },
      {
        "model": "Intel(R) Core(TM) i5-10300H CPU @ 2.50GHz",
        "speed": 2496,
        "user": 4878031,
        "nice": 0,
        "sys": 1441765,
        "idle": 44126890,
        "irq": 23312
      },
      {
        "model": "Intel(R) Core(TM) i5-10300H CPU @ 2.50GHz",
        "speed": 2496,
        "user": 2754671,
        "nice": 0,
        "sys": 650875,
        "idle": 47041140,
        "irq": 10671
      },
      {
        "model": "Intel(R) Core(TM) i5-10300H CPU @ 2.50GHz",
        "speed": 2496,
        "user": 3791812,
        "nice": 0,
        "sys": 1125328,
        "idle": 45529546,
        "irq": 19515
      },
      {
        "model": "Intel(R) Core(TM) i5-10300H CPU @ 2.50GHz",
        "speed": 2496,
        "user": 2328093,
        "nice": 0,
        "sys": 691656,
        "idle": 47426921,
        "irq": 11406
      },
      {
        "model": "Intel(R) Core(TM) i5-10300H CPU @ 2.50GHz",
        "speed": 2496,
        "user": 3933640,
        "nice": 0,
        "sys": 982281,
        "idle": 45530765,
        "irq": 18171
      },
      {
        "model": "Intel(R) Core(TM) i5-10300H CPU @ 2.50GHz",
        "speed": 2496,
        "user": 2720531,
        "nice": 0,
        "sys": 786609,
        "idle": 46939546,
        "irq": 13531
      }
    ],
    "networkInterfaces": [
      {
        "name": "Wi-Fi",
        "internal": false,
        "mac": "a0:e7:0b:05:22:88",
        "address": "fe80::f56f:b21b:efff:d134",
        "netmask": "ffff:ffff:ffff:ffff::",
        "family": "IPv6",
        "scopeid": 7
      },
      {
        "name": "Wi-Fi",
        "internal": false,
        "mac": "a0:e7:0b:05:22:88",
        "address": "192.168.150.101",
        "netmask": "255.255.255.0",
        "family": "IPv4"
      },
      {
        "name": "Loopback Pseudo-Interface 1",
        "internal": true,
        "mac": "00:00:00:00:00:00",
        "address": "::1",
        "netmask": "ffff:ffff:ffff:ffff:ffff:ffff:ffff:ffff",
        "family": "IPv6",
        "scopeid": 0
      },
      {
        "name": "Loopback Pseudo-Interface 1",
        "internal": true,
        "mac": "00:00:00:00:00:00",
        "address": "127.0.0.1",
        "netmask": "255.0.0.0",
        "family": "IPv4"
      }
    ],
    "host": "LAPTOP2-KRISHNA"
  },
  "javascriptStack": {
    "message": "No stack.",
    "stack": [
      "Unavailable."
    ]
  },
  "nativeStack": [
    {
      "pc": "0x021b5b98",
      "symbol": "std::basic_streambuf<char,std::char_traits<char> >::`vftable'+64"
    }
  ],
  "javascriptHeap": {
    "totalMemory": 1079083008,
    "totalCommittedMemory": 1079083008,
    "usedMemory": 1057884480,
    "availableMemory": 27840644,
    "memoryLimit": 1098907648,
    "heapSpaces": {
      "read_only_space": {
        "memorySize": 262144,
        "committedMemory": 262144,
        "capacity": 262008,
        "used": 22100,
        "available": 239908
      },
      "new_space": {
        "memorySize": 4194304,
        "committedMemory": 4194304,
        "capacity": 2096064,
        "used": 137000,
        "available": 1959064
      },
      "old_space": {
        "memorySize": 920723456,
        "committedMemory": 920723456,
        "capacity": 910681560,
        "used": 906960592,
        "available": 3720968
      },
      "code_space": {
        "memorySize": 9863168,
        "committedMemory": 9863168,
        "capacity": 8449280,
        "used": 8449280,
        "available": 0
      },
      "map_space": {
        "memorySize": 3149824,
        "committedMemory": 3149824,
        "capacity": 1998640,
        "used": 1998640,
        "available": 0
      },
      "large_object_space": {
        "memorySize": 140300288,
        "committedMemory": 140300288,
        "capacity": 139803652,
        "used": 139803652,
        "available": 0
      },
      "code_large_object_space": {
        "memorySize": 589824,
        "committedMemory": 589824,
        "capacity": 513216,
        "used": 513216,
        "available": 0
      },
      "new_large_object_space": {
        "memorySize": 0,
        "committedMemory": 0,
        "capacity": 2096064,
        "used": 0,
        "available": 2096064
      }
    }
  },
  "resourceUsage": {
    "userCpuSeconds": 462.14,
    "kernelCpuSeconds": 11.921,
    "cpuConsumptionPercent": 27.5457,
    "maxRss": 1485107200,
    "pageFaults": {
      "IORequired": 2276753,
      "IONotRequired": 0
    },
    "fsActivity": {
      "reads": 11725,
      "writes": 5
    }
  },
  "libuv": [
  ],
  "environmentVariables": {
    "=C:": "C:\\",
    "=D:": "D:\\Installed Software\\Eclipse Workspace\\front-class\\front-class",
    "ALLUSERSPROFILE": "C:\\ProgramData",
    "APPDATA": "C:\\Users\\krish\\AppData\\Roaming",
    "BROWSERSLIST_IGNORE_OLD_DATA": "1",
    "CHROME_CRASHPAD_PIPE_NAME": "\\\\.\\pipe\\crashpad_8044_DVVZGYSDEDQIVJBY",
    "CommonProgramFiles": "C:\\Program Files (x86)\\Common Files",
    "CommonProgramFiles(x86)": "C:\\Program Files (x86)\\Common Files",
    "CommonProgramW6432": "C:\\Program Files\\Common Files",
    "COMPUTERNAME": "LAPTOP2-KRISHNA",
    "ComSpec": "C:\\Windows\\system32\\cmd.exe",
    "dp0": "C:\\Users\\krish\\AppData\\Roaming\\npm\\",
    "DriverData": "C:\\Windows\\System32\\Drivers\\DriverData",
    "FPS_BROWSER_APP_PROFILE_STRING": "Internet Explorer",
    "FPS_BROWSER_USER_PROFILE_STRING": "Default",
    "HOMEDRIVE": "C:",
    "HOMEPATH": "\\Users\\krish",
    "LOCALAPPDATA": "C:\\Users\\krish\\AppData\\Local",
    "LOGONSERVER": "\\\\LAPTOP2-KRISHNA",
    "NUMBER_OF_PROCESSORS": "8",
    "OneDrive": "C:\\Users\\krish\\OneDrive",
    "OneDriveConsumer": "C:\\Users\\krish\\OneDrive",
    "ORIGINAL_XDG_CURRENT_DESKTOP": "undefined",
    "OS": "Windows_NT",
    "Path": "C:\\Windows\\system32;C:\\Windows;C:\\Windows\\System32\\Wbem;C:\\Windows\\System32\\WindowsPowerShell\\v1.0\\;C:\\Windows\\System32\\OpenSSH\\;C:\\Program Files (x86)\\NVIDIA Corporation\\PhysX\\Common;C:\\Program Files\\NVIDIA Corporation\\NVIDIA NvDLISR;D:\\Installed Software\\NodeJS\\;C:\\Program Files\\MySQL\\MySQL Shell 8.0\\bin\\;C:\\Users\\krish\\AppData\\Local\\Programs\\Python\\Python37\\Scripts\\;C:\\Users\\krish\\AppData\\Local\\Programs\\Python\\Python37\\;D:\\Installed Software\\Python\\Scripts\\;D:\\Installed Software\\Python\\;C:\\Users\\krish\\AppData\\Local\\Microsoft\\WindowsApps;D:\\Installed Software\\Microsoft VS Code\\bin;D:\\Installed Software\\JDK14\\bin;C:\\Users\\krish\\AppData\\Roaming\\npm;C:\\Users\\krish\\AppData\\Roaming\\npm\\node_modules\\@angular\\cli\\bin;",
    "PATHEXT": ".COM;.EXE;.BAT;.CMD;.VBS;.VBE;.JSE;.WSF;.WSH;.MSC;.CPL",
    "PROCESSOR_ARCHITECTURE": "x86",
    "PROCESSOR_ARCHITEW6432": "AMD64",
    "PROCESSOR_IDENTIFIER": "Intel64 Family 6 Model 165 Stepping 2, GenuineIntel",
    "PROCESSOR_LEVEL": "6",
    "PROCESSOR_REVISION": "a502",
    "ProgramData": "C:\\ProgramData",
    "ProgramFiles": "C:\\Program Files (x86)",
    "ProgramFiles(x86)": "C:\\Program Files (x86)",
    "ProgramW6432": "C:\\Program Files",
    "PROMPT": "$P$G",
    "PSModulePath": "C:\\Users\\krish\\OneDrive\\Documents\\WindowsPowerShell\\Modules;C:\\Program Files\\WindowsPowerShell\\Modules;C:\\Windows\\system32\\WindowsPowerShell\\v1.0\\Modules",
    "PUBLIC": "C:\\Users\\Public",
    "SESSIONNAME": "Console",
    "SystemDrive": "C:",
    "SystemRoot": "C:\\Windows",
    "TEMP": "C:\\Users\\krish\\AppData\\Local\\Temp",
    "TMP": "C:\\Users\\krish\\AppData\\Local\\Temp",
    "USERDOMAIN": "LAPTOP2-KRISHNA",
    "USERDOMAIN_ROAMINGPROFILE": "LAPTOP2-KRISHNA",
    "USERNAME": "krish",
    "USERPROFILE": "C:\\Users\\krish",
    "WEBPACK_DEV_SERVER": "true",
    "windir": "C:\\Windows",
    "TERM_PROGRAM": "vscode",
    "TERM_PROGRAM_VERSION": "1.62.1",
    "LANG": "en_US.UTF-8",
    "COLORTERM": "truecolor",
    "_prog": "node"
  },
  "sharedObjects": [
    "D:\\Installed Software\\NodeJS\\node.exe",
    "C:\\Windows\\SYSTEM32\\ntdll.dll",
    "C:\\Windows\\System32\\KERNEL32.DLL",
    "C:\\Windows\\System32\\KERNELBASE.dll",
    "C:\\Windows\\System32\\WS2_32.dll",
    "C:\\Windows\\System32\\RPCRT4.dll",
    "C:\\Windows\\SYSTEM32\\dbghelp.dll",
    "C:\\Windows\\System32\\ADVAPI32.dll",
    "C:\\Windows\\System32\\ucrtbase.dll",
    "C:\\Windows\\System32\\msvcrt.dll",
    "C:\\Windows\\System32\\sechost.dll",
    "C:\\Windows\\System32\\USER32.dll",
    "C:\\Windows\\System32\\win32u.dll",
    "C:\\Windows\\System32\\GDI32.dll",
    "C:\\Windows\\System32\\gdi32full.dll",
    "C:\\Windows\\System32\\msvcp_win.dll",
    "C:\\Windows\\System32\\PSAPI.DLL",
    "C:\\Windows\\System32\\CRYPT32.dll",
    "C:\\Windows\\SYSTEM32\\IPHLPAPI.DLL",
    "C:\\Windows\\System32\\bcrypt.dll",
    "C:\\Windows\\SYSTEM32\\USERENV.dll",
    "C:\\Windows\\SYSTEM32\\WINMM.dll",
    "C:\\Windows\\System32\\IMM32.DLL",
    "C:\\Windows\\SYSTEM32\\powrprof.dll",
    "C:\\Windows\\SYSTEM32\\UMPDC.dll",
    "C:\\Windows\\SYSTEM32\\CRYPTBASE.DLL",
    "C:\\Windows\\system32\\uxtheme.dll",
    "C:\\Windows\\System32\\combase.dll",
    "C:\\Windows\\system32\\mswsock.dll",
    "C:\\Windows\\SYSTEM32\\kernel.appcore.dll",
    "C:\\Windows\\System32\\bcryptprimitives.dll",
    "C:\\Windows\\System32\\NSI.dll",
    "C:\\Windows\\SYSTEM32\\dhcpcsvc6.DLL",
    "C:\\Windows\\SYSTEM32\\dhcpcsvc.DLL",
    "C:\\Windows\\SYSTEM32\\DNSAPI.dll",
    "C:\\Windows\\system32\\napinsp.dll",
    "C:\\Windows\\system32\\pnrpnsp.dll",
    "C:\\Windows\\system32\\wshbth.dll",
    "C:\\Windows\\system32\\NLAapi.dll",
    "C:\\Windows\\System32\\winrnr.dll",
    "C:\\Windows\\System32\\rasadhlp.dll",
    "C:\\Windows\\System32\\fwpuclnt.dll"
  ]
}